Mon:1,Mon:2,Mon:3,Mon:4,Mon:5,Mon:6,Mon:7,Tue:1,Tue:2,Tue:3,Tue:4,Tue:5,Tue:6,Tue:7,Wed:1,Wed:2,Wed:3,Wed:4,Wed:5,Wed:6,Wed:7,Thu:1,Thu:2,Thu:3,Thu:4,Thu:5,Thu:6,Thu:7,Fri:1,Fri:2,Fri:3,Fri:4,Fri:5,Fri:6,Fri:7
7cr/En1 $LTA (#F104),7cr/Sc1 $OST (#F218),7C/Re $CBE (#T126),7cuBLANK,7C/Hi $KBR (#F014),7C/Fr $JLU (#T114),7cuBLANK,7c/Dr1 $COS (#T115),7C/Ge $MFI (#T029),7cr/Ma1 $LBU (#J214),7C/Re $CBE (#T126),7cuBLANK,7cr/En1 $LTA (#F104),7C/Ac $SEL (#N101),7C/Ge $MFI (#T029),7cr/Ma1 $LBU (#J214),7cr/Sc1 $OST (#F218),7c/Te1 $CBR (#T213),7cuBLANK,7C/Fr $JLU (#T028),7C/Cp $GBR (#F019),7c/Pe1 $DHA (#T010),7c/Pe1 $DHA (#T010),7cr/Sc1 $OST (#F218),7C/Re $CBE (#T126),7cuBLANK,7cr/Ma1 $LBU (#J214),7cr/En1 $LTA (#F104),7cr/Sc1 $OST (#F218),7cr/En1 $LTA (#F104),7C/Fr $JLU (#F016),7C/Hi $KBR (#F014),7cuBLANK,7C/Ar $CBR (#T213),7cr/Ma1 $LBU (#J214)
7cr/En2 $JWA (#J107),7cr/Sc2 ($JTH) $SC1 (#F111),7A/Re $JUP (#J217),,7A/Ge $SCL (#T031),7A/Fr $PLA (#F016),,7c/Mu1 $CMA (#T120),7A/Re $JUP (#J217),7cr/Ma2 $EFR (#J224),7A/Ac $SEL (#N101),,7cr/En2 $JWA (#J107),7A/Fr $PLA (#F016),7A/Re $JUP (#J217),7cr/Ma2 $EFR (#J224),7cr/Sc2 $SGR ($JTH) $SC1 (#F111),7c/Te2 $JBR (#T027),,7A/Cp $GBR (#F019),7A/Hi $KBR (#F014),7c/Pe2 $SRE (#T010),7c/Pe2 $SRE (#T010),7cr/Sc2 ($JTH) $SC1 (#F111),7A/Ge $SCL (#T031),,7cr/Ma2 $EFR (#J224),7cr/En2 $JWA (#J107),7cr/Sc2 $SGR $SC1 (#F111),7cr/En2 $JWA (#J107),7A/Hi $KBR (#F014),7A/Ar $JBR (#T214),,7A/Fr $PLA (#F016),7cr/Ma2 $EFR (#J224)
7cr/En3 $KHA $DSU (#J106),7cr/Sc3 $SBA (#F217),,,,,,,,7cr/Ma3 $JAD (#J212),,,7cr/En3 $KHA $DSU (#J106),,,7cr/Ma3 $JAD (#J212),7cr/Sc3 $SBA (#F217),7c/Te3 $BST (#T005),,,,7c/Pe3 $DGR (#T008),7c/Pe3 $DGR (#T008),7cr/Sc3 $EAG $DSU (#F216),,,7cr/Ma3 $JAD (#J212),7cr/En3 $KHA $DSU (#J106),7cr/Sc3 $EAG (#T028),7cr/En3 $KHA $DSU (#J106),,,,,7cr/Ma3 $JAD (#J212)
7cr/En4 $ADI (#J105),7cr/Sc4 $RIN (#F216),7R/Fr $SDY (#F015),,7R/Hi $ARI (#F013),7r/Dr1 $COS (#T115),,7R/Fr $SDY (#F014),7r/Te1 $CBR (#T213),7cr/Ma4 $MYO (#J211),7R/Cp $GBR (#F019),,7cr/En4 $ADI (#J105),7R/Re $JTA (#J202),7R/Re $JTA (#J202),7cr/Ma4 $MYO (#J211),7cr/Sc4 $RIN (#F216),7R/Ge $MFI $DSU (#T029),,7r/Pe1 $SRE (#T008),7r/Pe1 $SRE (#T008),7R/Fr $SDY (#F104),7R/Re $JTA (#J202),7cr/Sc4 $RIN (#F102),7R/Ac $KHA $DSU (#N101),,7cr/Ma4 $MYO (#J211),7cr/En4 $ADI (#J105),7cr/Sc4 $RIN (#F216),7cr/En4 $ADI (#J105),7R/Ge $MFI (#T029),7R/Ar $CBR (#T213),,7R/Hi $ARI $DSU (#F014),7cr/Ma4 $MYO (#J211)
,,7P/Re $VAD (#J207),,7P/Sp $PLA (#F016),7r/Mu1 $CMA (#T120),,7P/Sp $PLA (#F016),7r/Te2 $JBR (#T027),,7P/Re $VAD (#J207),,,7P/Ge $MMO (#T028),7P/Re $VAD (#J207),,,7P/Hi $APA (#F013),,7r/Pe2 $DHA (#T010),7r/Pe2 $DHA (#T010),7P/Hi $APA (#F013),7P/Cp $GBR (#F019),,7P/Ar $JBR (#T213),,,,,,7P/Ge $MMO (#T028),7P/Sp $PLA (#F019),,7P/Ac $ADI (#J113),
,,,,,,,,7r/Te3 $BST (#T005),,,,,,,,,,,7r/Pe3 $NMC (#T010),7r/Pe3 $NMC (#T010),,,,,,,,,,,,,,
7dl/Sc1 $MHO (#F216),7dl/En1 $CFO (#F102),7dl/Te1 $CBR (#T213),,7N/Ar $CBR (#T213),7dl/Ma1 $SBE (#J220),,7dl/Ma1 $SBE (#J220),7N/Hi $AHO (#F015),7N/Fr $SBO (#F017),7dl/En1 $CFO (#F102),,7du/Pe1 $NMC (#T010),7du/Pe1 $NMC (#T010),7d/Dr1 $COS (#T115),7N/Re $JUP (#J217),7N/Ac $SEL (#N101),7dl/En1 $CFO (#F102),,7N/Fr $SBO (#F017),7dl/Sc1 $MHO (#F216),7N/Hi $AHO (#F015),7dl/Sc1 $MHO (#F109),7N/Ge $SCL (#T031),7N/Re $JUP (#J217),,7N/Cp $DSK (#F101),7dl/Ma1 $SBE (#J220),7N/Fr $SBO (#F017),7dl/Sc1 $MHO (#F216),7N/Ge $SCL (#T031),7dl/En1 $CFO (#F102),,7dl/Ma1 $SBE (#J220),7N/Re $JUP (#J217)
7dl/Sc2 $SBA (#F217),7dl/En2 $PMC (#T031),7dl/Te2 $JBR (#T027),,7D/Fr $SDY $GMC (#F015),7dl/Ma2 $LBU (#J214),,7dl/Ma2 $LBU (#J214),7D/Cp $GBR (#F019),7D/Ar $JBR (#T213),7dl/En2 $PMC (#T031),,7du/Pe2 $DHA (#T008),7du/Pe2 $DHA (#T008),7d/Mu1 $CMA (#T120),7D/Re $JTA (#J202),7D/Fr $SDY $GMC (#F014),7dl/En2 $PMC (#T031),,7D/Hi $ARI (#T114),7dl/Sc2 $SBA (#F110),7D/Ac $SEL (#N101),7dl/Sc2 $SBA (#F216),7D/Fr $SDY (#F015),7D/Re $JTA (#J202),,7D/Ge $SCL (#T031),7dl/Ma2 $LBU (#J214),7D/Ge $SCL (#T031),7dl/Sc2 $SBA (#F016),7D/Hi $ARI (#T114),7dl/En2 $PMC (#F015),,7dl/Ma2 $LBU (#J214),7D/Re $JTA (#J202)
7dl/Sc3 $RBI $MSZ (#F221),7dl/En3 $JWA (#J107),7dl/Te3 $BST (#T005),,,7dl/Ma3 $MMA (#J213),,7dl/Ma3 $MMA (#J213),,,7dl/En3 $JWA (#J107),,7du/Pe3 $SRE (#T010),7du/Pe3 $SRE (#T010),,,,7dl/En3 $JWA (#J107),,,7dl/Sc3 $RBI $MSZ (#F221),,7dl/Sc3 $RBI $MSZ (#F218),,,,,7dl/Ma3 $MMA (#J213),,7dl/Sc3 $MSZ (#F221),,7dl/En3 $JWA (#J107),,7dl/Ma3 $MMA (#J213),
,7dl/En4 $RBI $LTA (#F104),,,7L/Re $RBI $JUP (#J207),,,,7L/Ge $RBI $MMO (#T028),7L/Re $RBI $JUP (#J207),7dl/En4 $RBI $AHR (#F014),,7du/Pe4 $DGR (#T010),7du/Pe4 $DGR (#T010),7L/Ge $MMO (#T028),7L/Ac $RBI $SEL (#N101),7L/Sp $RBI $PLA (#F016),7dl/En4 $RBI $AHR (#F014),,7L/Sp $RBI $PLA (#F016),,7L/Sp $RBI $PLA (#F016),,7L/Ar $CBR (#T213),7L/Cp $RBI $GBR (#F019),,7L/Hi $RBI $ARI (#F015),,7L/Re $RBI $JUP (#J217),,7lu/Dr1 $COS $DSU (#T115),7dl/En4 $RBI $LTA (#F104),,,7L/Hi $RBI $ARI (#F014)
7NU/En $MCA $CFO (#F102),7NU/Ma $MCA $GTO (#F203),7NU/Sc $RBI $LTE (#F109),,7NU/Ar $JBR $DSU (#T214),7NU/Re $VAD $DSU (#J207),,7NU/Ma $MCA $GTO (#F203),7NU/Lr $MCA $DSU (#F203),7NU/Sc $MCA $LTE (#F110),7NU/Cp $DSK $DSU (#F101),,,,7NU/En $RBI $CFO (#F102),7NU/Hi $MMO $DSU (#T028),7NU/Lr $MCA $DEV (#F203),7NU/Sc $MCA $LTE (#F203),,7NU/Ma $GTO (#F203),7NU/Ge $MMO $DSU (#T028),7NU/Ge $MMO $DSU (#T028),7NU/Ac $SEL $DSU (#N101),7NU/En $RBI $ADI (#J105),7NU/Ma $MCA $GTO (#F203),,7NU/Hi $MMO $DSU (#T028),7NU/Re $VAD $MCA (#F203),7NU/Te $JBR $DSU (#T027),7NU/En $RBI $CFO (#F203),7lu/Mu1 $CMA (#T120),7NU/Re $VAD $MCA (#J207),,7NU/Lr $MCA $DEV (#F203),7NU/Sc $DSU $LTE (#F109)
8c/Pe1 $DHA (#T010),8c/Pe1 $DHA (#T010),8cr/Ma1 $MMA (#J213),8cuBLANK,8cr/Sc1 $NWI (#F218),8C/Re $JUP (#J217),8cuBLANK,8cr/En1 $CFO (#F102),8cr/Ma1 $MMA (#J213),8cr/Sc1 $NWI (#F218),8cr/Fr1 $JLU (#T114),8cuBLANK,8C/Ac $AHR (#T118),8C/Hi $APA (#F013),8cr/Ma1 $MMA (#J213),8C/Mu $CMA (#T120),8C/Cp $DSK (#F101),8cr/Fr1 $JLU (#T114),8cuBLANK,8C/Ar $JBR $KPA (#T214),8cr/En1 $CFO (#F102),8c/Te1 $BST (#T005),8C/Re $JUP (#J217),8cr/Sc1 $NWI (#F104),8cr/En1 $CFO (#F102),8cuBLANK,8C/Ge $MFI (#T029),8C/Dr $COS (#T115),8cr/Sc1 $NWI (#T029),8C/Ge $MFI (#T029),8cr/En1 $CFO (#F102),8cr/Ma1 $MMA (#J213),8cuBLANK,8C/Re $JUP (#J217),8C/Hi $APA (#F013)
8c/Pe2 $SRE (#T010),8c/Pe2 $SRE (#T010),8cr/Ma2 $MYO (#J211),,8cr/Sc2 $MSZ (#F221),8A/Re $DMA (#J201),,8cr/En2 $AGA (#F103),8cr/Ma2 $MYO (#J211),8cr/Sc2 $MSZ (#F221),8cr/Sp1 $SBO (#F017),,8A/Re $DMA (#J201),8A/Mu $CMA (#T120),8cr/Ma2 $MYO (#J211),8A/Re $DMA (#J201),8A/Ar $CBR (#T213),8cr/Sp1 $SBO (#F017),,8A/Ge $SCL (#T031),8cr/En2 $AGA (#F103),8c/Te2 $JBR $VRE (#T027),8A/Ac $DEV (#T118),8cr/Sc2 $MSZ (#F221),8cr/En2 $AGA (#F103),,8A/Hi $APA (#F013),8A/Cp $GBR (#F019),8cr/Sc2 $MSZ (#F013),8A/Ge $SCL (#T031),8cr/En2 $AGA (#F103),8cr/Ma2 $MYO (#J211),,8A/Hi $APA (#F013),8A/Dr $COS (#T115)
8c/Pe3 $DGR (#T008),8c/Pe3 $DGR (#T008),8cr/Ma3 $LBU (#J214),,8cr/Sc3 $MHO (#F216),,,8cr/En3 $ADI (#J105),8cr/Ma3 $LBU (#J214),8cr/Sc3 $MHO (#F216),8cr/Fr2 $PLA (#F016),,,,8cr/Ma3 $LBU (#J214),,,8cr/Fr2 $PLA (#F016),,,8cr/En3 $ADI (#J105),8c/Te3 $CBR (#T213),,8cr/Sc3 $MHO (#F103),8cr/En3 $ADI (#J105),,,,8cr/Sc3 $MHO (#F221),,8cr/En3 $ADI (#J105),8cr/Ma3 $LBU (#J214),,,
8R/Hi $APA (#F013),8R/Re $JUP (#J217),8cr/Ma4 $JAD (#J212),,8cr/Sc4 $EPA (#F217),8R/Cp $DSK (#F101),,8cr/En4 $DEV (#F104),8cr/Ma4 $JAD (#J212),8cr/Sc4 $EPA (#F217),8cr/Fr3 $SDY $GMC (#T028),,8R/Re $JUP (#J217),8r/Te1 $CBR (#T213),8cr/Ma4 $JAD (#J212),8R/Hi $APA (#F013),8R/Ge $MMO (#T028),8cr/Fr3 $SDY $GMC (#F019),,8R/Dr $COS (#T115),8cr/En4 $DEV (#F104),8R/Re $JUP (#J217),8R/Ar $CBR (#T213),8cr/Sc4 $EPA $VRE (#F217),8cr/En4 $DEV (#F104),,8r/Pe1 $NMC (#T008),8r/Pe1 $NMC (#T008),8cr/Sc4 $EPA (#F217),8R/Mu $CMA (#T120),8cr/En4 $DEV (#J107),8cr/Ma4 $JAD (#J212),,8R/Ge $MMO (#T028),8R/Ac $SEL (#N101)
8P/Re $CBE (#T126),8P/Cp $GBR (#F019),,,,8P/Hi $ARI (#F013),,,,,,,8P/Hi $ARI (#F013),8r/Te2 $JBR (#T027),,8P/Re $CBE (#T126),8P/Ge $SCL (#T031),,,8P/Ar $CBR (#T213),,8P/Mu $CMA (#T120),8P/Re $CBE (#T126),,,,8r/Pe2 $DGR (#T010),8r/Pe2 $DGR (#T010),,8P/Dr $COS (#J005),,,,8P/Ac $JWA (#F101),8P/Ge $SCL (#T031)
,,,,,,,,,,,,,8r/Te3 $BST (#T005),,,,,,,,,,,,,8r/Pe3 $SRE (#T010),8r/Pe3 $SRE (#T010),,,,,,,
8N/Hi $KBR (#F014),8d/Fr1 $SDY $GMC (#F017),8N/Re $JTA (#J202),,8d/En1 $LTA (#F104),8d/Ma1 $EFR (#J224),,8d/Ma1 $EFR (#J224),8N/Ac $DEV (#T118),8N/Ge $MMO (#T028),8d/Te1 $CBR (#T213),,8d/Sc1 $EPA (#F217),8N/Cp $DSK (#F101),8d/Fr1 $SDY $GMC $DSU (#F014),8d/En1 $LTA (#F104),8du/Pe1 $NMC (#T010),8du/Pe1 $NMC (#T010),,8N/Mu $CMA (#T120),8d/Sc1 $EPA (#F217),8d/Ma1 $EFR (#J224),8d/Sc1 $EPA (#F217),8N/Ar $JBR (#T214),8N/Ge $MMO (#T028),,8d/En1 $LTA (#F104),8N/Re $JTA (#J202),8N/Dr $COS (#J005),8d/Sc1 $EPA (#F217),8d/En1 $LTA (#F104),8N/Re $JTA (#J202),,8d/Ma1 $EFR (#J224),8N/Hi $KBR $VRE (#F015)
8D/Re $VRE $JUP (#J217),8d/Sp1 $JLU (#T114),8D/Ge $SCL $DSU (#T031),,8d/En2 $ADI (#J105),8d/Ma2 $MYO (#J211),,8d/Ma2 $MYO (#J211),8D/Mu $CMA (#T120),8D/Hi $KBR $VRE $DSU (#F014),8d/Te2 $JBR (#T027),,8d/Sc2 $LTE (#F221),8D/Re $VRE $DSU $JUP (#J217),8d/Sp1 $JLU (#T114),8d/En2 $KOC (#F102),8du/Pe2 $DHA (#T008),8du/Pe2 $DHA (#T008),,8D/Cp $DSK (#F101),8d/Sc2 $VRE $LTE (#F218),8d/Ma2 $MYO (#J211),8d/Sc2 $LTE (#F221),8D/Dr $COS (#T115),8D/Ac $AHR $KPA (#T118),,8d/En2 $KOC (#F102),8D/Re $JUP (#J217),8D/Hi $KBR $VRE (#F014),8d/Sc2 $LTE (#F218),8d/En2 $KOC (#J201),8D/Ge $SCL (#T031),,8d/Ma2 $MYO (#J211),8D/Ar $CBR (#T213)
8L/Mu $CMA (#T120),8d/Sp2 $PLA (#F016),8L/Hi $AOD (#F102),,8d/En3 $JNI (#J104),8d/Ma3 $JOK (#J212),,8d/Ma3 $JOK (#J212),8L/Ac $SEL $KPA (#N101),8L/Ar $CBR (#T027),8d/Te3 $BST (#T005),,8d/Sc3 ($JTH) $SC1 (#F111),8L/Re $VAD (#J207),8d/Sp2 $PLA (#F016),8d/En3 $JNI (#J104),8du/Pe3 $DGR (#T008),8du/Pe3 $DGR (#T008),,8L/Re $JUP (#J207),8d/Sc3 ($JTH) $SC1 (#F111),8d/Ma3 $JOK (#J212),8d/Sc3 ($JTH) $SC1 (#F111),8L/Cp $DSK (#F101),8L/Re $VAD (#J207),,8d/En3 $JNI (#J104),8L/Ge $MMO (#T028),8L/Hi $AOD (#F102),8d/Sc3 ($JTH) $SC1 (#F111),8d/En3 $JNI (#J104),8L/Dr $COS (#J005),,8d/Ma3 $JOK (#J212),8L/Ge $MMO (#T028)
8NU/Re $VAD $KPA (#J207),8NU/Ar $JBR $VRE (#T213),8NU/Sc ($JTH) $SC1 (#F111),,8NU/En $KHA $KPA (#J106),8NU/Sp $SDY $KPA (#F206),,8NU/Hi $MMO $KPA (#T028),8NU/Sp $SDY (#F206),8NU/Ma $JOK $KPA (#F206),8NU/Re $JUP (#F206),,8NU/Mu $CMA (#T120),8NU/Sc ($JTH) $SC1 (#F111),8NU/Ma $SGR $JOK (#F206),8NU/En $KHA (#J106),8du/Pe4 $SRE (#T008),8du/Pe4 $SRE (#T008),,8NU/Sc $DSU ($JTH) $SC1 (#F111),8NU/Ge $SCL $KPA (#T031),8NU/Ac $AHR $KPA (#F206),8NU/Ge $SCL $KPA (#T031),8NU/Cp $GBR $SGR (#F019),8NU/Dr $COS (#J005),,8NU/En $KHA $KPA (#J106),8NU/Ma $JOK (#F206),8NU/Ma $JOK $KPA (#F206),8NU/Hi $MMO $KPA (#T028),8NU/En $KHA $KPA (#N101),8NU/Re $KPA $JUP (#J217),,8NU/Te $JBR $KPA (#T027),8NU/Sc $KPA ($JTH) $SC1 (#F111)
9A/Bs1 $TOG (#F103),9B/Ar1 $KPL (#T214),9C/Bs1 $NAS (#J215),9pq/Ma1 $MYO (#J211),9pgBLANK,9p/En1 $KHA $SHU (#J106),9pgBLANK,9p/En1 $KHA $SHU (#J106),9C/Bs1 $NAS (#F102),9p/Pe1 $DHA (#T010),9pq/Sc1 $OTH (#F013),9A/Bs1 $SHU $TOG (#F103),9pgBLANK,9pq/Ma1 $MYO (#J211),9pq/Sc1 $OTH (#F217),9A/Bs1 $TOG (#J220),9p/Re1 $CBE (#T126),9pq/Ma1 $MYO (#J211),9B/Ar1 $KPL (#T214),9pgBLANK,9p/En1 $KHA $SHU (#J106),9pq/Sc1 $OTH (#F217),9B/Ar1 $KPL (#T214),9p/En1 $KHA (#J106),9pq/Ma1 $MYO (#J211),9p/Re1 $CBE (#T126),9pgBLANK,9C/Bs1 $NAS (#T126),9pq/Ma1 $MYO (#J211),9p/Re1 $CBE (#T126),9p/Pe1 $DHA (#T010),9pq/Sc1 $OTH (#F217),9pq/Sc1 $OTH (#F217),9pgBLANK,9p/En1 $KHA (#J106)
9A/Dr1 $COS (#T115),9B/Ft1 $BST (#T005),9C/Cp1 $SGR $DSK (#F101),9pq/Ma2 $SHU $MMA (#J213),,9p/En2 $JWA (#J107),,9p/En2 $JWA (#J107),9C/Cp1 $SGR $DSK (#F101),9p/Pe2 $NMC (#T010),9pq/Sc2 $OST (#F218),9A/Dr1 $COS (#T115),,9pq/Ma2 $MMA (#J213),9pq/Sc2 $OST (#F218),9A/Dr1 $COS (#T115),9p/Re2 $JTA (#J202),9pq/Ma2 $MMA (#J213),9B/Ft1 $BST (#T005),,9p/En2 $JWA (#J107),9pq/Sc2 $OST (#F218),9B/Ft1 $BST (#T005),9p/En2 $JWA (#J107),9pq/Ma2 $MMA (#J213),9p/Re2 $JTA (#J202),,9C/Cp1 $SGR $DSK (#F101),9pq/Ma2 $MMA (#J213),9p/Re2 $JTA (#J202),9p/Pe2 $NMC (#T010),9pq/Sc2 $OST (#F218),9pq/Sc2 $OST (#F218),,9p/En2 $JWA (#J107)
9A/Fr1 $JLU (#T114),9B/Ge1 $MMO (#T028),9C/Dr1 $GGR (#J005),9pq/Ma3 $SBE (#J220),,9p/En3 $NLA (#T028),,9p/En3 $NLA (#J201),9C/Dr1 $GGR (#J005),9p/Pe3 $SRE (#T008),9pq/Sc3 $LTE (#F221),9A/Fr1 $JLU (#T114),,9pq/Ma3 $SBE (#J220),9pq/Sc3 $SHU $LTE (#J215),9A/Fr1 $JLU (#T114),9p/Re3 $JUP (#J217),9pq/Ma3 $SBE (#J220),9B/Ge1 $MMO (#T028),,9p/En3 $NLA (#J201),9pq/Sc3 $LTE (#F221),9B/Ge1 $MMO (#T028),9p/En3 $NLA (#J201),9pq/Ma3 $SBE (#J220),9p/Re3 $JUP (#J217),,9C/Dr1 $GGR (#J005),9pq/Ma3 $SBE (#J220),9p/Re3 $JUP (#J217),9p/Pe3 $DGR (#T010),9pq/Sc3 $LTE (#F221),9pq/Sc3 $LTE (#F221),,9p/En3 $NLA (#T029)
9A/Fr2 $SDY $GMC (#F017),9B/Ge2 $MFI (#T029),9C/Fr1 $JLU (#T114),9pq/Ma4 $LBU (#J214),,9p/En4 $JNI (#J104),,9p/En4 $JNI (#J104),9C/Fr1 $JLU (#T114),9p/Pe4 $AAK (#T008),9pq/Sc4 ($JTH) $SC1 (#F111),9A/Fr2 $SDY $GMC (#T028),,9pq/Ma4 $LBU (#J214),9pq/Sc4 ($JTH) $SC1 (#F111),9A/Fr2 $SDY $GMC (#F017),9p/Re4 $VAD (#J207),9pq/Ma4 $LBU (#J214),9B/Ge2 $MFI (#T029),,9p/En4 $JNI (#J104),9pq/Sc4 ($JTH) $SC1 (#F111),9B/Ge2 $MFI (#T029),9p/En4 $JNI (#J104),9pq/Ma4 $LBU (#J214),9p/Re4 $VAD (#J207),,9C/Fr1 $JLU (#T114),9pq/Ma4 $LBU (#J214),9p/Re4 $VAD (#J207),9p/Pe4 $AAK (#T008),9pq/Sc4 ($JTH) $SC1 (#F111),9pq/Sc4 ($JTH) $SC1 (#F111),,9p/En4 $JNI (#J104)
9A/Ge1 $SCL (#T031),9B/Hi1 $AHO (#F015),9C/Hi1 $KBR (#F014),9pq/Ma5 $GDI (#J215),,,,,9C/Hi1 $KBR (#F014),,9pq/Sc5 $SBA (#F216),9A/Ge1 $SCL (#T031),,9pq/Ma5 $GDI (#J215),9pq/Sc5 $SBA (#F216),9A/Ge1 $SCL (#T031),,9pq/Ma5 $GDI (#J215),9B/Hi1 $AHO (#F015),,,9pq/Sc5 $SBA (#F216),9B/Hi1 $AHO (#F015),,9pq/Ma5 $GDI (#J215),,,9C/Hi1 $KBR (#F014),9pq/Ma5 $GDI (#J215),,,9pq/Sc5 $SBA (#F216),9pq/Sc5 $SBA (#F216),,
9A/Pd1 $JBR $SGR (#T027),9B/Hi2 $APA (#F013),9C/Pe1 $DHA (#J224),9pq/Ma6 $EFR (#J224),,9q/En1 $LTA (#F104),,9qg/Pe1 $DHA (#T008),9C/Pe1 $DHA (#J224),9q/En1 $LTA (#F104),9pq/Sc6 $MHO (#F217),9A/Pd1 $RBI $JBR (#T027),,9pq/Ma6 $EFR (#J224),9pq/Sc6 $MHO (#F109),9A/Pd1 $JBR $SGR (#T027),9q/En1 $KPA $LTA (#F104),9pq/Ma6 $EFR (#J224),9B/Hi2 $APA (#F013),,9qg/Re1 $JTA (#J202),9pq/Sc6 $MHO (#F109),9B/Hi2 $APA (#F013),9qg/Re1 $JTA (#J202),9pq/Ma6 $EFR (#J224),9q/En1 $LTA (#F104),,9C/Pe1 $DHA (#T010),9pq/Ma6 $EFR (#J224),9qg/Pe1 $DHA (#T008),9qg/Re1 $JTA (#J202),9pq/Sc6 $MHO (#F109),9pq/Sc6 $MHO (#F109),,9q/En1 $LTA (#F104)
9A/Sp1 $PLA (#F016),9B/Hi3 $KBR (#F014),9C/Sp1 $PLA (#F016),9pq/Ma7 $JAD (#J212),,9q/En2 $CFO (#F102),,9qg/Pe2 $SRE (#T008),9C/Sp1 $PLA (#F016),9q/En2 $CFO (#F102),9pq/Sc7 $EAG (#F110),9A/Sp1 $PLA (#F016),,9pq/Ma7 $JAD (#J212),9pq/Sc7 $EAG (#J224),9A/Sp1 $PLA (#F016),9q/En2 $CFO (#F102),9pq/Ma7 $JAD (#J212),9B/Hi3 $KBR (#F014),,9qg/Re2 $TED (#J217),9pq/Sc7 $EAG (#F110),9B/Hi3 $KBR (#F014),9qg/Re2 $TED (#J217),9pq/Ma7 $JAD (#J212),9q/En2 $CFO (#F102),,9C/Sp1 $PLA (#F016),9pq/Ma7 $JAD (#J212),9qg/Pe2 $SRE (#T010),9qg/Re2 $TED (#J217),9pq/Sc7 $EAG (#F110),9pq/Sc7 $EAG (#F110),,9q/En2 $CFO (#F102)
9A/Im1 $GBR (#F019),,9C/Sp2 $SBO (#F017),,,9q/En3 $ADI (#J105),,9qg/Pe3 $DGR (#T010),9C/Sp2 $SBO (#F017),9q/En3 $ADI (#J105),,9A/Im1 $GBR $SGR (#F019),,,,9A/Im1 $GBR $SHU (#F019),9q/En3 $ADI (#J105),,,,9qg/Re3 $VAD (#J207),,,9qg/Re3 $VAD $SHU (#J207),,9q/En3 $ADI $SHU (#J105),,9C/Sp2 $SBO (#F017),,9qg/Pe3 $DGR (#T010),9qg/Re3 $VAD $SHU (#J207),,,,9q/En3 $ADI $SHU (#J105)
,9EG/Sc $SHU $EPA (#F110),9EG/Ma $MBH $SHU (#F207),9EG/Ft $SGR $BST (#T005),,9EG/Ft $BST (#T005),,,9EG/En $SHU $JNI (#J104),9EG/Sc $SGR ($JTH) $SC1 (#F111),9EG/Hs $SHU $GTO (#T117),,,9EG/Ma $SHU $JMA (#F206),9EG/Ma $MBH (#F207),,9EG/Hs $SHU $GTO (#T117),9EG/Ma $MBH $SHU (#F207),9EG/En $SHU $JNI (#J104),,,9EG/En $SHU $JNI (#J104),9EG/Hs $SHU $GTO (#T117),,9EG/Sc ($JTH) $SC1 (#F111),9EG/Sc ($JTH) $SC1 (#F111),,9EG/Ft $JBR $SHU (#T005),9EG/En $SHU $JNI (#J104),,,9EG/Sc $SGR $EPA (#J201),9EG/En $RBI $SHU $JNI (#J104),,9EG/Ma $SGR $JMA (#F206)
10pq/Ma1 $EFR (#J224),10p/En1 $KOC (#F103),10pq/Sc1 $EPA (#F217),10p/Re1 $JTA (#J202),10pgBLANK,10C/Ge1 $JCR (#T029),10pgBLANK,10pq/Sc1 $EPA (#F216),10pq/Sc1 $EPA (#F216),10A/Ar1 $KPL (#T214),10p/En1 $KOC (#J201),10pq/Ma1 $EFR (#J224),10pgBLANK,10B/Fr1 $JLU $GMC (#T114),10C/Ge1 $JCR (#T031),10pq/Sc1 $EPA (#F216),10pq/Ma1 $EFR (#J224),10p/En1 $KOC (#F103),10p/Re1 $JTA (#J202),10pgBLANK,10A/Ar1 $KPL (#T214),10B/Fr1 $JLU $GMC (#F101),10p/En1 $KOC (#J201),10pq/Ma1 $EFR (#J224),10A/Ar1 $KPL (#T214),10pq/Sc1 $EPA (#F015),10pgBLANK,10pq/Sc1 $EPA (#F015),10p/Re1 $JTA (#J202),10pq/Ma1 $EFR (#J224),10C/Ge1 $JCR (#J106),10p/En1 $KOC (#F103),10B/Fr1 $JLU $GMC (#F016),10pgBLANK,10p/Pe1 $NMC (#T010)
10pq/Ma2 $JOK (#J211),10p/En2 $JNI (#J104),10pq/Sc2 $RIN (#F216),10p/Re2 $CBE (#T126),,10C/Hi1 $APA (#F014),,10pq/Sc2 $RIN (#F111),10pq/Sc2 $RIN (#F111),10A/Hi1 $AOD (#F013),10p/En2 $JNI (#J104),10pq/Ma2 $JOK (#J211),,10B/Ge1 $MFI (#T029),10C/Hi1 $APA (#F013),10pq/Sc2 $RIN (#F103),10pq/Ma2 $JOK (#J211),10p/En2 $JNI (#J104),10p/Re2 $CBE (#T126),,10A/Hi1 $AOD (#F013),10B/Ge1 $MFI (#T029),10p/En2 $JNI (#J104),10pq/Ma2 $JOK (#J211),10A/Hi1 $AOD (#F013),10pq/Sc2 $RIN (#F216),,10pq/Sc2 $RIN (#F216),10p/Re2 $CBE (#T126),10pq/Ma2 $JOK (#J211),10C/Hi1 $APA (#F013),10p/En2 $JNI (#J104),10B/Ge1 $MFI (#T029),,10p/Pe2 $DHA (#T008)
10pq/Ma3 $LBU (#J214),10p/En3 $KHA (#J106),10pq/Sc3 $NWI (#T120),10p/Re3 $DMA (#J201),,10C/Hi2 $AHO (#F015),,10pq/Sc3 $NWI (#F221),10pq/Sc3 $NWI (#F221),10A/Ge1 $MFI (#T029),10p/En3 $KHA (#J106),10pq/Ma3 $LBU (#J214),,10B/Sp1 $SBO (#F017),10C/Hi2 $AHO (#F015),10pq/Sc3 $NWI (#J215),10pq/Ma3 $LBU (#J214),10p/En3 $KHA (#J106),10p/Re3 $DMA $MYE (#J201),,10A/Ge1 $MFI (#T029),10B/Sp1 $SBO (#F017),10p/En3 $KHA (#J106),10pq/Ma3 $LBU (#J214),10A/Ge1 $MFI (#T029),10pq/Sc3 $NWI (#F221),,10pq/Sc3 $NWI (#F221),10p/Re3 $DMA (#J201),10pq/Ma3 $LBU (#J214),10C/Hi2 $AHO (#F015),10p/En3 $KHA (#J106),10B/Sp1 $SBO (#F017),,10p/Pe3 $SRE (#T008)
10pq/Ma4 $JAD (#J212),10p/En4 $ADI (#J105),10pq/Sc4 $MSZ (#F221),10p/Re4 $VAD (#J207),,10C/Sp1 $SBO (#F017),,10pq/Sc4 $MSZ (#F217),10pq/Sc4 $MSZ (#F217),10A/Fr1 $SDY $GMC (#F019),10p/En4 $ADI (#J105),10pq/Ma4 $JAD (#J212),,10B/Dr1 $COS (#J005),10C/Sp1 $SBO (#F017),10pq/Sc4 $MSZ (#F111),10pq/Ma4 $JAD (#J212),10p/En4 $ADI $MYE (#J105),10p/Re4 $VAD (#J207),,10A/Fr1 $SDY $GMC (#F017),10B/Dr1 $COS (#F102),10p/En4 $ADI (#J105),10pq/Ma4 $JAD (#J212),10A/Fr1 $SDY $GMC (#F017),10pq/Sc4 $MSZ (#J201),,10pq/Sc4 $MSZ (#F111),10p/Re4 $VAD (#J207),10pq/Ma4 $JAD (#J212),10C/Sp1 $SBO (#F017),10p/En4 $ADI (#J105),10B/Dr1 $COS (#J005),,10p/Pe4 $DGR (#T010)
10pq/Ma5 $SBE (#J220),,10pq/Sc5 $OTH (#T028),,,10C/Dr1 $GGR (#T031),,10pq/Sc5 $OTH (#F109),10pq/Sc5 $OTH (#F109),10A/Ft1 $BST (#T005),,10pq/Ma5 $SBE (#J220),,10B/Hi1 $KBR (#F014),10C/Dr1 $GGR (#J005),10pq/Sc5 $OTH (#F217),10pq/Ma5 $SBE (#J220),,,,10A/Ft1 $BST (#T005),10B/Hi1 $KBR (#F014),,10pq/Ma5 $SBE (#J220),10A/Ft1 $BST (#T005),10pq/Sc5 $OTH (#F217),,10pq/Sc5 $OTH (#F217),,10pq/Ma5 $SBE (#J220),10C/Dr1 $GGR (#J005),,10B/Hi1 $KBR (#F014),,
10pq/Ma6 $MBH (#J213),,10pq/Sc6 $OST (#F218),,,10C/Bs1 $NAS (#T126),,10pq/Sc6 $OST (#F218),10pq/Sc6 $OST (#F218),10A/Im1 $DSK (#F101),,10pq/Ma6 $MMA (#J213),,10B/Im1 $GBR $SGR (#F019),10C/Bs1 $NAS (#T126),10pq/Sc6 $OST (#F218),10pq/Ma6 $MBH (#J213),,,,10A/Im1 $DSK (#F101),10B/Im1 $GBR $SGR (#F019),,10pq/Ma6 $MMA (#J213),10A/Im1 $DSK (#F101),10pq/Sc6 $OST (#F218),,10pq/Sc6 $OST (#F218),,10pq/Ma6 $MMA (#J213),10C/Bs1 $NAS (#T126),,10B/Im1 $GBR $SGR (#F019),,
10pq/Ma7 $GDI (#J215),10qg/Re1 $CBE (#T126),10pq/Sc7 $MHO $VRE (#F110),10q/En1 $DEV (#F104),,10C/Pe1 $SRE (#F103),,10pq/Sc7 $MHO (#T126),10pq/Sc7 $MHO $VRE (#T126),10A/Mu1 $CMA (#T120),10q/En1 $DEV $LTA (#F104),10pq/Ma7 $GDI (#J215),,10B/Ge2 $SCL (#T031),10C/Pe1 $SRE (#T008),10pq/Sc7 $MHO $VRE (#F109),10pq/Ma7 $GDI (#J215),10qg/Re1 $CBE (#T126),10q/En1 $DEV $LTA (#F104),,10A/Mu1 $CMA (#T120),10B/Ge2 $SCL (#T031),10q/En1 $LTA (#F104),10pq/Ma7 $GDI (#J215),10A/Mu1 $CMA (#T120),10pq/Sc7 $MHO (#F110),,10pq/Sc7 $MHO $VRE (#F110),10q/En1 $DEV $LTA (#F104),10pq/Ma7 $GDI (#J215),10C/Pe1 $SRE (#F217),10qg/Pe1 $DHA (#T008),10B/Ge2 $SCL (#T031),,10qg/Re1 $CBE (#T126)
,10qg/Re2 $DMA (#J201),,10q/En2 $NLA (#F015),,,,,,10A/Sp1 $PLA (#F016),10q/En2 $NLA (#F015),,,,,,,10qg/Re2 $DMA (#J201),10q/En2 $NLA (#J107),,10A/Sp1 $PLA (#F016),,10q/En2 $NLA (#J107),,10A/Sp1 $PLA (#F016),,,,10q/En2 $ADI (#J105),,,10qg/Pe2 $NMC (#T010),,,10qg/Re2 $DMA (#J201)
,10qg/Re3 $VAD (#J207),,10q/En3 $AGA (#F103),,,,,,10A/Pe1 $DGR (#F015),10q/En3 $AGA (#F103),,,,,,,10qg/Re3 $VAD (#J207),10q/En3 $AGA (#F103),,10A/Pe1 $DGR (#T114),,10q/En3 $AGA (#F103),,10A/Pe1 $DGR (#F015),,,,10q/En3 $AGA (#F103),,,10qg/Pe3 $SRE (#T008),,,10qg/Re3 $VAD (#J207)
10EG/Ma $VCO (#F113),,10EG/En $CFO (#F113),10EG/Hs $GTO (#F101),,10EG/Hf $DGR (#J113),,10EG/Sc $EAG $RBI (#F113),10EG/En $CFO (#F113),10A/Bs1 $DLA (#T126),10EG/Hf $DGR (#T118),10EG/Ma $VCO (#F113),,10EG/Sc $EAG (#F109),10EG/Hs $GTO (#F101),10EG/Sc $EAG (#J213),10EG/Ma $MMA (#F113),,10EG/En $CFO (#F113),,10A/Bs1 $DLA (#F114),10EG/En $CFO (#F113),10EG/Sc $SGR $OTH (#F113),10EG/Hf $DGR (#F113),10A/Bs1 $DLA (#J107),10EG/Ma $VCO (#F113),,10EG/Sc $EAG (#F109),10EG/En $CFO (#F113),10EG/Sc $OTH (#F109),10EG/Ma $VCO (#F113),,10EG/Hs $GTO $MYE (#J113),,
11A/Ar1 $KPL (#T214),11pq/Ma1 $JMA (#J214),11p/En1 $AGA (#F103),11B/Fr1 $JLU $GMC (#T114),11pgBLANK,11pg/Sc1 $SBA (#F218),11pgBLANK,11C/Ge1 $JCR (#T031),11p/Re1 $JTA (#J202),11p/En1 $AGA (#F103),11pq/Ma1 $JMA (#J214),11A/Ar1 $KPL (#T214),11pgBLANK,11pg/Sc1 $SBA (#J104),11p/En1 $AGA (#F103),11A/Ar1 $KPL (#T214),11C/Ge1 $JCR (#T029),11pg/Sc1 $SBA (#F218),11pg/Sc1 $SBA (#F218),11pgBLANK,11pq/Ma1 $JMA (#J214),11p/Re1 $JTA (#J202),11pq/Ma1 $JMA (#J214),11B/Fr1 $JLU $GMC (#T114),11pg/Sc1 $SBA (#J104),11C/Ge1 $JCR (#T028),11pgBLANK,11p/En1 $AGA (#F103),11p/Pe1 $DHA (#T008),11p/En1 $AGA (#F103),11pq/Ma1 $JMA (#J214),11B/Fr1 $JLU $GMC (#F016),11p/Re1 $JTA (#J202),11pgBLANK,11pg/Sc1 $SBA (#F217)
11A/Dr1 $GGR (#J005),11pq/Ma2 $SBE (#J220),11p/En2 $DEV (#F104),11B/Ge1 $MFI (#T029),,11pg/Sc2 $EPA (#F217),,11C/Hi1 $AHO (#F015),11p/Re2 $VAD (#J207),11p/En2 $DEV (#J106),11pq/Ma2 $SBE (#J220),11A/Dr1 $GGR (#J005),,11pg/Sc2 $EPA (#F217),11p/En2 $DEV (#F104),11A/Dr1 $GGR (#J005),11C/Hi1 $AHO (#F015),11pg/Sc2 $EPA (#F217),11pg/Sc2 $EPA (#F217),,11pq/Ma2 $SBE (#J220),11p/Re2 $VAD (#J207),11pq/Ma2 $SBE (#J220),11B/Ge1 $MFI (#T029),11pg/Sc2 $EPA (#F217),11C/Hi1 $AHO (#F013),,11p/En2 $DEV (#F102),11p/Pe2 $NMC (#T010),11p/En2 $DEV (#F014),11pq/Ma2 $SBE (#J220),11B/Ge1 $MFI (#T029),11p/Re2 $VAD (#J207),,11pg/Sc2 $EPA (#F016)
11A/Ft1 $BST (#T005),11pq/Ma3 $MYO (#J211),11p/En3 $KOC (#J220),11B/Hi1 $APA (#F013),,11pg/Sc3 $MSZ (#F221),,11C/Fr1 $JLU (#J202),11p/Re3 $DMA (#J201),11p/En3 $KOC (#J220),11pq/Ma3 $MYO (#J211),11A/Ft1 $BST (#T005),,11pg/Sc3 $MSZ (#F103),11p/En3 $KOC (#J220),11A/Ft1 $BST (#T005),11C/Fr1 $JLU (#T114),11pg/Sc3 $MSZ (#F221),11pg/Sc3 $MSZ (#F221),,11pq/Ma3 $MYO (#J211),11p/Re3 $DMA (#J201),11pq/Ma3 $MYO (#J211),11B/Hi1 $APA (#F013),11pg/Sc3 $MSZ (#J201),11C/Fr1 $JLU (#T114),,11p/En3 $KOC (#J224),11p/Pe3 $SRE (#T010),11p/En3 $KOC (#F017),11pq/Ma3 $MYO (#J211),11B/Hi1 $APA (#F013),11p/Re3 $DMA (#J201),,11pg/Sc3 $MSZ (#F221)
11A/Hi1 $AOD (#J104),11pq/Ma4 $EFR (#J224),11p/En4 $JNI (#J104),11B/Sp1 $SBO (#F017),,11pg/Sc4 $OTH (#F111),,11C/Pd1 $BST (#T118),11p/Re4 $CBE (#F104),11p/En4 $JNI (#J104),11pq/Ma4 $EFR (#J224),11A/Hi1 $AOD (#F014),,11pg/Sc4 $OTH (#F216),11p/En4 $JNI (#J104),11A/Hi1 $AOD (#F014),11C/Pd1 $BST (#T118),11pg/Sc4 $OTH (#F111),11pg/Sc4 $OTH (#F111),,11pq/Ma4 $EFR (#J224),11p/Re4 $CBE (#T126),11pq/Ma4 $EFR (#J224),11B/Sp1 $SBO (#F017),11pg/Sc4 $OTH (#F216),11C/Pd1 $BST (#T118),,11p/En4 $JNI (#J104),11p/Pe4 $DGR (#T008),11p/En4 $JNI (#J104),11pq/Ma4 $EFR (#J224),11B/Sp1 $SBO (#F017),11p/Re4 $CBE (#T126),,11pg/Sc4 $OTH (#F017)
11A/Pe1 $NMC (#J202),11pq/Ma5 $JAD (#J212),,11B/Ge2 $JCR (#T031),,11pg/Sc5 $RIN (#F216),,11C/Sp1 $SBO (#F017),,,11pq/Ma5 $JAD (#J212),11A/Pe1 $NMC (#J113),,11pg/Sc5 $RIN (#F104),,11A/Pe1 $NMC $SRE (#T010),11C/Sp1 $SBO (#F017),11pg/Sc5 $RIN (#F216),11pg/Sc5 $RIN (#F216),,11pq/Ma5 $JAD (#J212),,11pq/Ma5 $JAD (#J212),11B/Ge2 $JCR (#T126),11pg/Sc5 $RIN (#F221),11C/Sp1 $SBO (#F017),,,,,11pq/Ma5 $JAD $MYE (#J212),11B/Ge2 $JCR (#T126),,,11pg/Sc5 $RIN (#F216)
11A/Ic1 $DSK (#F101),11pq/Ma6 $JOK (#J215),,11B/Mu1 $CMA (#T120),,11pg/Sc6 $NWI (#F110),,11C/Im1 $GBR $SGR (#F019),,,11pq/Ma6 $JOK (#J215),11A/Ic1 $DSK (#F101),,11pg/Sc6 $NWI (#F110),,11A/Ic1 $DSK (#F101),11C/Im1 $GBR (#F019),11pg/Sc6 $NWI (#F110),11pg/Sc6 $NWI (#F110),,11pq/Ma6 $JOK (#J215),,11pq/Ma6 $JOK (#J215),11B/Mu1 $CMA (#T120),11pg/Sc6 $NWI (#J113),11C/Im1 $GBR $SGR (#F019),,,,,11pq/Ma6 $JOK (#J215),11B/Mu1 $CMA (#T120),,,11pg/Sc6 $NWI (#F110)
11A/Ge1 $MFI (#T029),11pq/Ma7 $LBU (#J213),11q/En1 $NLA (#J105),11B/Ge3 $MMO (#T028),,11pg/Sc7 $SGR $OST (#F109),,11C/Dr1 $GGR (#J005),11q/En1 $NLA (#J105),11qg/Re1 $DMA (#J201),11pq/Ma7 $MMA (#J213),11A/Ge1 $MFI (#T029),,11pg/Sc7 $OST (#F218),11q/En1 $NLA (#J105),11A/Ge1 $MFI (#T029),11C/Dr1 $GGR (#J005),11pg/Sc7 $SGR $OST (#F109),11pg/Sc7 $SGR $OST (#F109),,11pq/Ma7 $MMA (#J213),11q/En1 $NLA (#J105),11pq/Ma7 $LBU (#J213),11B/Ge3 $MMO (#T028),11pg/Sc7 $SGR $OST (#F218),11C/Dr1 $GGR (#J005),,11qg/Re1 $DMA (#J201),11q/En1 $NLA (#F015),11qg/Re1 $DMA (#J201),11pq/Ma7 $MMA (#J213),11B/Ge3 $MMO (#T028),11qg/Pe1 $NMC (#T028),,11pg/Sc7 $OST (#F218)
11A/Hi2 $ECO (#F015),,11q/En2 $KHA (#J106),11B/Fe1 $NAS (#T118),,,,11C/Pd2 $JBR (#T027),11q/En2 $KHA (#J106),11qg/Re2 $AHA (#J217),,11A/Hi2 $ECO (#F015),,,11q/En2 $KHA (#J106),11A/Hi2 $ECO (#F015),11C/Pd2 $JBR (#T027),,,,,11q/En2 $KHA (#J106),,11B/Fe1 $NAS (#T118),,11C/Pd2 $JBR (#T027),,11qg/Re2 $AHA (#J207),11q/En2 $KHA (#J106),11qg/Re2 $AHA (#F102),,11B/Fe1 $NAS (#T118),11qg/Pe2 $DHA (#T008),,
,,11q/En3 $JWA $MYE (#J107),,,,,11C/Be1 $NAS (#J113),11q/En3 $JWA (#J107),11qg/Re3 $TED $MYE (#J215),,,,,11q/En3 $JWA (#J107),,11C/Be1 $NAS (#J113),,,,,11q/En3 $JWA (#J107),,,,11C/Be1 $NAS (#J113),,11qg/Re3 $TED $MYE (#J215),11q/En3 $JWA (#J107),11qg/Re3 $TED $MYE (#F013),,,11qg/Pe3 $DGR (#T010),,
,11EG/Ma $MBH $MYE (#F207),11EG/Im $GBR (#F019),11EG/Ma $MBH $MYE (#F207),,,,11EG/En $AHR $MYE (#F207),11EG/En $AHR $MYE (#F207),,11EG/Hf $NMC $MYE (#F114),,,,11EG/Hf $NMC $MYE (#F114),,11EG/En $AHR $MYE (#F207),,,,11EG/Ma $MBH $MYE (#F207),11EG/Ma $SBE $MYE (#F207),11EG/En $AHR $MYE (#F207),11EG/Hf $NMC $MYE (#F114),,11EG/En $JWA $MYE (#F207),,,11EG/Im $GBR (#F019),,11EG/Im $GBR $SGR (#F019),11EG/Ma $SBE $MYE (#F207),11qg/Pe4 $SRE (#T008),,
12A/Py1 $LTE (#F109),12C/Bi1 $EAG (#F109),12D/Ar1 $KPL (#T214),12B/Ch1 $SBA (#F110),12awBLANK,12A/Py1 $GDI (#J215),12awBLANK,12D/Ar1 $KPL (#T214),12D/Ar1 $KPL (#T214),12C/Bi1 $RIN (#F109),12C/Bi1 $RIN (#F109),12B/Ch1 $SBA (#F217),12awBLANK,12aw/Mc1 $JOK (#F114),12B/Ch1 $NWI (#F110),12B/Ch1 $SBA (#F110),12C/Bi1 $EAG (#F109),12A/Hi1 $AHO (#F015),12D/Pc1 $YOS $TRE (#M201),12awBLANK,,12B/Ch1 $NWI (#J213),12C/Bi1 $EAG (#F110),12A/Py1 $LTE (#F110),12A/Py1 $LTE (#F110),12aw/Mc1 $JOK (#J213),12awBLANK,12D/Ar1 $KPL (#T214),12A/Py1 $LTE (#F110),12B/Ch1 $NWI (#F110),12A/Py1 $GDI (#F109),12C/Bi1 $RIN (#F113),12D/Ar1 $KPL (#T214),12awBLANK,12aw/Mc1 $JOK (#J213)
12A/Hi1 $AHO (#T117),12C/Dr1 $GGR (#T115),12D/Ma1 $VCO (#M202),12B/Ma1 $VCO (#208A),,12A/Hi1 $KBR (#M208),,12D/Ma1 $JMA (#J223),12D/Ma1 $JMA (#J223),12C/Dr1 $COS (#J005),12C/Dr1 $COS (#J005),12B/Bs1 $DLA (#M208),,12aw/Re1 $JRY (#M207),12B/Bs1 $DLA (#M208),12B/Bs1 $DLA (#M208),12C/Dr1 $COS (#T115),12A/Pc1 $AJA (#M201),12D/Ge1 $JCR (#M202),,,12B/Bs1 $TOG (#M208),12C/Dr1 $GGR (#T115),12A/Hi1 $KBR (#F014),12A/Hi1 $KBR (#F014),12D/Ar1 $KPL (#T214),,12D/Ma1 $VCO (#208A),12A/Hi1 $AHO (#M207),12B/Bs1 $TOG (#M208),,12C/Dr1 $GGR (#T115),12D/Ma1 $JMA (#J223),,12B/Bs1 $TOG (#M208)
12A/Pc1 $AJA (#M201),12C/Pl1 $JTA (#J202),12D/Pc1 $TRE (#M201),12B/Ss1 $AJA (#M202),,12A/Pc1 $TRE (#M201),,12D/Pc1 $TRE (#M201),12D/Pc1 $TRE (#M201),12C/Pl1 $JTA (#J202),12C/Pl1 $JTA (#J202),12B/Ma1 $MYO (#J223),,12aw/Re2 $DMA (#J201),12B/Ma1 $VCO (#M202),12B/Ma1 $VCO (#M202),12C/Pl1 $DMA (#M208),12A/En1 $DEV (#208A),12D/Hi1 $ECO (#J223),,,12B/Ma1 $VCO (#T114),12C/Pl1 $DMA (#M208),12A/Pc1 $AJA $YOS (#M208),12A/Pc1 $YOS $TRE (#M201),12D/Ma1 $JMA (#J223),,12D/Pc1 $YOS $TRE (#T031),12A/Pc1 $YOS $TRE (#M201),12B/Ma1 $MYO (#T114),,12C/Pl1 $DMA (#M208),12D/Ge1 $JCR (#M202),,12B/En1 $AGA (#208A)
12A/En1 $DEV (#208A),12C/Ec1 $MMA (#J223),12D/Ge1 $MFI (#T029),12B/En1 $KOC (#J105),,12A/En1 $KOC (#208A),,12D/Ge1 $MFI (#T029),12D/Ge1 $JCR (#J220),12C/Ec1 $MMA (#J223),12C/Ec1 $TOG (#J223),12B/Ss1 $AJA (#M202),,12aw/Re3 $TED (#M208),12B/Ss1 $ARI (#M207),12B/Ss1 $ARI (#M207),12C/Ec1 $TOG (#J223),,,,,12B/Ss1 $ARI (#208A),12C/Ec1 $MMA (#F017),12A/En1 $DEV (#208A),12A/En1 $KOC (#208A),12D/Pc1 $TRE (#M201),,12D/Ge1 $MFI (#T029),12A/En1 $KOC (#208A),12B/Ss1 $ARI (#J223),,12C/Ec1 $TOG (#M202),12D/Hi1 $ECO (#F013),,
,12C/Fm1 $GDI (#T117),12D/Hi1 $ECO (#F013),,,,,12D/Hi1 $APA (#F013),12D/Hi1 $APA (#F013),12C/Fm1 $GDI (#M202),12C/Fm1 $GDI (#M202),12B/En1 $AGA (#J105),,,,12B/En1 $NLA (#J105),12C/Fm1 $VCO (#M202),,,,,12B/En1 $AGA (#F103),12C/Fm1 $VCO (#T114),,,,,12D/Hi1 $APA (#F013),,12B/En1 $NLA (#208A),,12C/Fm1 $VCO (#T117),,,
12B3/Bb1 $NAS (#T118),,12B3/Bb1 $TOG (#F114),12B3/Bb1 $TOG (#F114),,12B3/Bb1 $DLA (#T118),,12B3/Bb1 $TOG (#F114),,,,,,,12B3/Bb1 $TOG (#T118),,,,12B3/Bb1 $NAS (#T118),,,12B3/Bb1 $DLA (#F114),,,12B3/Bb1 $TOG (#F114),,,12B3/Bb1 $DLA (#M209),12B3/Bb1 $NAS (#T118),12B3/Bb1 $DLA (#T118),,,12B3/Bb1 $NAS (#T118),,
13B/En1 $AGA (#M202),13D/Pc1 $TRE (#M201),13C/Ss1 $ARI (#J223),13A/Py1 $LTE (#F109),13awBLANK,13a/Re1,13awBLANK,13B/En1 $KOC (#208A),13B/En1 $KOC (#208A),13C/Ss1 $ARI (#M208),13C/Ss1 $ARI (#M208),13A/Py1 $LTE (#F109),13awBLANK,13D/Ar1 $KPL (#T214),13A/Py1 $GDI (#F221),13A/Py1 $GDI (#F221),13B/En1 $KOC (#M201),13D/Ar1 $KPL (#T214),13C/Ss1 $ARI (#T114),13awBLANK,13B/Ma1 $VCO (#M201),13D/Ar1 $KPL (#T214),13D/Ma1 $GDI (#M207),13B/En1 $AGA (#M202),13C/Ss1 $ARI (#J223),13C/Bi1 $EAG (#F109),13awBLANK,13A/Py1 $LTE (#T117),13C/Ss1 $ARI (#J223),13D/Ar1 $KPL (#T214),13C/Pl1 $AHA (#M202),13B/En1 $AGA (#208A),13A/Py1 $GDI (#J215),13awBLANK,13A/Hi1 $AHO (#M207)
13B/Ch1 $NWI (#F110),13D/Ge1 $JCR (#M202),13C/Bi1 $EAG (#T117),13A/Hi1 $AHO (#M207),13C/Dr1 $GGR (#J005),13a/Re2 (#J202),,13B/Ch1 $SBA (#F110),13B/Ch1 $SBA (#F110),13C/Bi1 $OTH (#T117),13C/Dr1 $GGR (#T115),13A/Hi1 $AHO (#M207),,13D/Pc1 $AJA (#M201),13A/Pc1 $AJA (#M201),13A/Hi1 $AHO (#J223),13B/Ch1 $NWI (#F110),13D/Ma1 $JMA (#M207),13C/Bi1 $EAG (#208A),,,13D/Ma1 $GDI (#M207),13D/Pc1 $AJA (#M201),13B/Ch1 $SBA (#F109),13C/Bi1 $EAG (#F109),13C/Pl1 $DMA (#M208),,13A/Hi1 $AHO (#M207),13C/Bi1 $OTH (#F109),13D/Ma1 $JMA (#M207),13D/Ar1 $KPL (#T214),13B/Ch1 $NWI (#M201),13A/Hi1 $AHO (#M207),,13A/Pc1 $TRE (#M202)
13B/Bs1 $DLA (#M207),,13C/Pl1 $DMA (#M208),13A/En1 $CFO (#F102),,13D/Ar1 $KPL (#T214),,13B/Bs1 $DLA (#M207),13B/Bs1 $DLA (#M207),13C/Dr1 $GGR (#T115),13C/Pl1 $DMA (#J217),13A/Pc1 $TRE (#M201),,13D/Ge1 $JCR (#M202),13A/En1 $AHR (#208A),13A/Pc1 $AJA (#M201),13B/Bs1 $DLA (#M207),13D/Pc1 $TRE (#M208),13C/Dr1 $GGR (#T115),,,13D/Pc1 $AJA (#M201),13D/Ge1 $JCR (#M202),13B/Bs1 $DLA (#M207),13C/Dr1 $GGR (#T115),13C/Ec1 $DLA (#M202),,13A/Pc1 $AJA (#M201),13C/Dr1 $GGR (#T115),13D/Pc1 $TRE (#M201),,13B/Bs1 $DLA (#M207),13A/Pc1 $TRE (#M201),,13C/Fm1 $SBE (#T117)
13B/Ss1 $ARI (#M208),,13C/Ec1 $DLA (#T118),,,13D/Ma1 $JMA (#M207),,13B/Ma1 $VCO (#T117),13B/Ma1 $GDI (#J215),13C/Ec1 $NAS (#M201),13C/Ec1 $NAS (#M201),13A/En1 $CFO (#F102),,13D/Hi1 $ECO (#J223),,13A/En1 $AHR (#208A),13B/Ss1 $ARI (#208A),13D/Ge1 $JCR (#M202),13C/Ec1 $DLA (#M208),,,13D/Ge1 $JCR (#M202),13D/Hi1 $ECO (#J223),13B/Ma1 $VCO (#M201),13C/Pl1 $AHA (#M208),13C/Fm1 $SBE (#M207),,13A/En1 $AHR (#M202),13C/Pl1 $AHA (#M208),13D/Ge1 $JCR (#M202),,13B/Ma1 $GDI (#J215),13A/En1 $CFO (#F102),,
,,13C/Fm1 $SBE (#M207),,,13D/Hi1 $ECO (#J223),,13B/Ss1 $ARI (#M202),13B/Ss1 $ARI (#M202),13C/Fm1 $VCO (#M207),13C/Fm1 $VCO (#M207),,,,,,,13D/Hi1 $ECO (#J223),,,,13D/Hi1 $ECO (#J223),,13B/Ss1 $ARI (#J223),13C/Ec1 $NAS (#M202),,,,,13D/Hi1 $ECO (#F015),,13B/Ss1 $ARI (#T114),,,
13B3/Bh1 $EAG $YOS (#M209),13B3/Bb1 $TOG (#F114),13w/Re1 (#J201),13B3/Bb1 $DLA (#M209),,13B3/Bb1 $TOG (#F114),,13B3/Bh1 $AJA $YOS (#M209),13B3/Bb1 $TOG (#F114),,,13B3/Bb1 $NAS (#T118),,13B3/Bb1 $TOG (#T118),13B3/Bh1 $YOS (#M209),13B3/Bb1 $NAS (#T118),13B3/Bh1 $AJA (#M209),13B3/Bh1 $EAG $YOS (#M209),,,,13B3/Bb1 $NAS (#T118),13B3/Bb1 $TOG (#F114),13B3/Bb1 $TOG (#M209),13C/Fm1 $VCO (#T117),13B3/Bh1 $AJA $YOS (#M209),,13B3/Bb1 $TOG (#F114),,13B3/Bb1 $NAS (#F114),13B3/Bh1 $YOS (#M209),13B3/Bh1 $AJA $YOS (#M209),13B3/Bb1 $TOG (#F114),,13B3/Bh1 $EAG $YOS (#M209)
,13B3/Bh1 $AJA $YOS (#M209),13w/Re2 (#208A),,,13B3/Bh1 $EAG $YOS (#M209),,,13B3/Bh1 $AJA $YOS (#M209),,,13B3/Bh1 $EAG $YOS (#M209),,13B3/Bh1 $YOS (#M209),,13B3/Bh1 $YOS (#M209),,,,,,13B3/Bh1 $YOS (#M209),13B3/Bh1 $YOS (#M209),,,,,,,13B3/Bh1 $EAG $YOS (#M209),,,13B3/Bh1 $AJA (#M209),,
,,13B3/Bh1 $YOS (#M209),,,,,,,,,,,,,,,,,,,,,,,,,,,,,,,,
,,,,,,,,,KS5E/En1 $PMC (#J107),,,,,,,KS5E/En1 $PMC (#J107),KS5M/Ma1 $MHO (#T126),,,KS5N/Fb1 $GDI,,,,,,,,,,KS5E/En1 $PMC (#208A),,,,KS5M/Ma1 $MHO (#J215)
,,,,,,,,,,,,,,,,,,,,KS5N/Lr1 $SEL (#N101),,,,,,,,,,,,,,
,,,,,,,,,,,,,,,,,,,,KS5N/Ss1 $NWI (#M203),,,,,,,,,,,,,,
,,,,,,,,,,,,,,,,,,,,KS5N/Gy1 $CBE (#T001),,,,,,,,,,,,,,
,,,,,,,,,,,,,,,,,,,,KS5N/Ga1 $TRE (#M207),,,,,,,,,,,,,,
,,,,,,,,,,,,,,,,,,,,KS5N/Fs1 (#J005),,,,,,,,,,,,,,
,,,,,,,,,,,,,,,,,,,,KS5N/Db1,,,,,,,,,,,,,,
,,,,,,,,,,,,,,,,,,,,KS5N/Mo1 (#M209),,,,,,,,,,,,,,
END,END,END,END,END,END,END,END,END,END,END,END,END,END,END,END,END,END,END,END,END,END,END,END,END,END,END,END,END,END,END,END,END,END,END